"0","#Warnings and messages have been inactivated for this markdown"
"0","library(phyloseq)"
"0","library(microbiome)"
"0","library(microbiomeutilities)"
"0","library(ggplot2)"
"0","library(ggpubr)"
"0","library(plyr)"
"0","library(dplyr)"
"0","library(ape)"
"0","library(reshape2)"
"0","library(scales)"
"0","library(knitr)"
"0","library(ggrepel)"
"0","library(nlme)"
"0","library(lme4)"
"0","library(sciplot)"
"0","library(apeglm)"
"0","library(pheatmap)"
"0","library(decontam)"
"0","library(Hmisc)"
"0","library(picante)"
"0","library(emmeans)"
"0","library(multcomp)"
"0","library(multcompView)"
"0","library(data.table) "
"0","library(purrr) "
"0","library(viridis) "
"0","library(RColorBrewer)"
"0","library(ALDEx2)"
"0","library(compositions)"
"0","library(zCompositions)"
"0","library(CoDaSeq)"
"0","library(propr)"
"0","library(vegan)"
"0","library(DT)"
"0","library(DESeq2)"
"0","library(psych)"
"0","library(car)"
"0","library(ggvegan)"
"0","library(metamicrobiomeR)"
"0","library(corrplot)"
"0","library(tidyverse)"
"0","library(rstatix)"
"0","library(datarium)"
"0","library(tidyverse)"
"0","library(ggpubr)"
